{
  "SimpleVariantDiscovery.refIndex": "GATK_data/ref/human_g1k_b37_20.fasta.fai",
  "SimpleVariantDiscovery.haplotypeCaller.bamIndex": "GATK_data/inputs/NA12878_wgs_20.bai",
  "SimpleVariantDiscovery.haplotypeCaller.inputBAM": "GATK_data/inputs/NA12878_wgs_20.bam",
  "SimpleVariantDiscovery.refFasta": "GATK_data/ref/human_g1k_b37_20.fasta",
  "SimpleVariantDiscovery.gatk": "GATK_data/GenomeAnalysisTK.jar",
  "SimpleVariantDiscovery.refDict": "GATK_data/ref/human_g1k_b37_20.dict",
  "SimpleVariantDiscovery.name": "WDL_tut3_output"
}
